昵称,学历,城市,经验,薪资,备注
Map,本,北京,26应届,实习,
yanni*,本,杭州,"6年前端
2年转行","前端：20k
转行：28k",新能源企业前端-->产品-->销售-->售前
边牧*,本,长沙,5年,9k,离职，空窗期2年，北京17k，React，Flutter
决堤*,本科,北京,25应届,9k,被辞退
月亮*,专,济南,3年,9k,
C*,专,北京,3年,9k,自考本
悠*,专,成都,3年,9k,
斯达*,本,武汉,2.5年,9k,
子*,本,深圳,0.5年,9k,
升职*,本,郑州,4.5年,9.5k,
青青*,本,重庆,4年,8k,
朝*,专,成都,25应届,8k,专升本
unde*,专,绵阳,10年,8k,3-4年UI，自学转前端
小*,专,汕头,4.5年,8k,33岁
风*,专,湖南/株洲,2年,8k,
zzn*,本,北京,25应届,8k,
晚风*,高中,成都,2年,8k,
上*,本科,广州,1年,8k,
可可*,专,唐山,5年,8k,成人本
喻*,本,武汉,1年,8k,
F.,专,深圳,1.5年,7k,
它的*,本,南昌,2年,7k,
汪*,本,昆明,1.5年,7k,
楠*,专,广州,1.5年,7k,专升本
Re*,专,广州,25应届,6k,
实事*,本,连云港,3年,6k,离职，学员
J*,专,郑州,2.5年,6k,在职
Re*,专,杭州,0.5年,6k,被裁
you*,专,芜湖,2年,6k,
LII*,专,温州,0.5年,6.5k,
报之*,本,成都,1年,5k,
橘子,本,广东/惠州,1.5年,5k,
我是*,本,台州,4个月,5k,公司快完蛋了
朽木*,本,深圳,9年,52k,
AAC*,专,嘉兴,2年,5.5k,专升本
Ball*,本,北京,7年,41k,
小江*,专,成都,3年,4.8k,
null*,本,成都,9.5年,36k,
ewr,本,上海,6年,35k,上一份web3 35k
YOU*,本,深圳,4年,35k,
fc*,专,北京,11年,35k,专升本
果果*,本,北京,9年,35k,
balan*,本,上海,5年,32k,
小周*,本,上海,4年,32k,
一只*,本,北京 ,3年,31k,百度
萧*,小学,远程,6年,30K+提成,初二退学
亭*,本,上海,13年,30k+,学员
123,硕,北京,1年,30k,
超级*,本,杭州,3.5年,30k,
Dam*,本,上海,10年,30k,小公司 1人前端 跨境电商 内部系统
小鹿*,本,成都,5年,30k,
thump,本,26应届,上海,16k,AI Video
大琪,专,北京,3年,28k,自考本，前端3年(10k)，1年鸿蒙
狂炫*,硕,深圳,1.5年,28k,
智哥*,高中,上海,8年,27k,
横*,高中,北京,12年,26k*14,自考本
那片*,本,杭州,6年,26k,
北*,本,北京,3年,26k,
小神*,硕,长沙,5年,25k,
流*,本,深圳,8年,25k,华为OD3年
清新*,本,上海,7年,25k,4年+前端，学员，基建组
Bis*,本,深圳,5年,25k,回老家南昌
回眸*,本211,深圳,4年,25k,
少*,高中,上海,8年,25k,
毕加*,本,北京,5年,25k,
空*,本,深圳,3年,25k,
alle*,本,上海,7年,24k,
小权*,本,北京,1.5年,24k,
oYi*,高中,长沙,14年,23k,
噔噔*,本,成都,4年,23k,
平安*,初,北京,4.5年,23k,"成人大专，成人本科，26岁，中厂
前端组长，美图"
未来*,本,上海,5年,23k,
小*,本,上海,7年,23k,
空*,本科,深圳,3.5年,23k,被裁
我是*,本,武汉,4年,22k,阿里外包，离职
付*,本,北京,6年,22k,
小麻*,高中,北京,8年,22k,
风雅*,本,广州,5年,22k,
Jie*,本,成都,5.5年,21k,
一起*,专,北京,3年,20k,刚离职，接私活，阳泉找到事业编
爱吃*,本,上海,4年,20k,物联网，web前端负责人
web*,专,上海,10年,20k,自考本
曾*,本,重庆,5年,20k,
code*,本,北京,3年,20k,
you*,,天津,5年,20k,运维
日*,本,北京,0.5年,20k,
躲*,本,北京,7年,20k,
Viv*,硕,南京,1.5年,19k,
文殊*,本,无锡,0.5年,19k,中厂，试用期没过
哇咔*,硕,上海,26应届,18k+,
Zer*,本,成都,3年,28w/年,学员
兹*,本,深圳,6年,21k,中厂外包
秋葵*,硕,杭州,3年,17k,
我很*,本,马来西亚,6年,17k,马来西亚
相*,本,北京,3.5年,17k,
小昂*,本,北京,7年,17k,回大连，空窗10个月
win*,专,深圳,4年,17k,
小*,专,北京,4年,17k,专升本
vout*,专,上海,3年,12k,外包，离职，自考本
Ele*,本,合肥,5年,16k,刚入职
无敌,本,上海,4年,16k,1个人
未来*,本,上海,5年,16k,
无敌*,本,上海,3年,16k,
半只*,本,武汉,4年,16k,
嗯嗯*,专,上海,4年,16k,
|*,本,北京,5年,16k,
man*,专,北京,2.5年,16k,
老*,专,杭州,15年+,15k,没换过工作
emm*,本科,北京,4年,15k,
^W,专,成都,5年,15k,自考本
年轮*,本,北京,6年,15k,
宝贝*,本,重庆,4年,15k,外包
?*,高中,北京,1.5年,15k,
绿色*,本,深圳,4年,15k,
无趣*,本,北京,25应届,15k,
海拉鲁*,本,广州,5年,15k,
吴*,硕,北京,2.5年,15k,离职
没事*,本,上海,3年,15k,
怎*,本,杭州,5年,15k,外包
快乐*,专,北京,6年,15k,
Conc*,本,杭州,3年,15k,
Ben*,本,北京,2.5年,14k,
YX,本,北京,3年,14k,
zz*,专,北京,2.5年,14k,
FL*,专,杭州,2年,14k,专升本
ben*,本,北京,2.5年,14k,
be*,专,成都,6年,14k,自考本
梧桐*,本,武汉,<3年,14k,
炉火*,专,杭州,3年,14k,专升本
山野*,本,上海,0.5年,14k,
Alan*,本,杭州,3年,14k,
王进,中专,北京,1.5年,14.5k,
木子*,本,济南,6年,14.5k,
天黑,专,北京,3年,13k,专升本
天佑,专,上海,1年,13k,成人本，学员
呜啦*,本,成都,5年,13k,
抽象*,本,深圳,0.5年,13k,
半盏*,本,武汉,3年,13k,
hj,专,广州,3年,13k,
war*,本,深圳,0.5年,13k,
Tlll*,本,重庆,3.5年,13k,
霜*,本,北京,2.5年,12k,
乘除*,本,广州,3年,12k,
平安*,专,武汉,5年,12k,学员
童年*,本,北京,25应届,12k,
那个*,本,福州,1.5年,12k,外包
猎人*,专,青岛,5年,12k,外包
7*,专,南京,3.5年,12k,学员
初*,专,武汉,3年,12k,
榴莲*,专,深圳,3.5年,12k,
搓澡*,本,济南,3.5年,12k,
丙*,专,广州,4年,12k,
小雨*,专,北京,1年,12k,
清*,本,重庆,2年,12k,
新之*,本,深圳,3年,12k,
很勇*,本,郑州,1.5年,12k,
一只*,本,深圳,0.5年,11k,外包
元*,专,南京,4年,11k,自考本
咪*,本,宁波,5年,11k,
实事*,专,浙江/湖州,3年,11k,自考本
pop*,本,北京,1年,11k,
？？,专,郑州,3.5年,10k,
snows*,本,杭州,1年,10k,
Fr*,本,苏州,1.5年,10k,
拍*,专,温州,2.5年,10k,专升本
肥嘟*,专,东莞,1.5年,10k,专升本
罗非*,专,宁波,3年,10k,专升本
咸*,本,台州,5年,10k,
段*,专,上海,3年,10k,
辞海*,本,武汉,3.5年,10.5k,
小鹿*,硕,-,-,-,"SSP1 得物 34k * 16 杭州  部门随便选
SSP2 深圳 ??  38K*15  传统行业  AI"
莱茵*,硕,26应届,-,-,
逆*,本,焦虑型人格,,18k*15,26应届 腾讯实习 打游戏被劝退
CSS*,本,,26应届,,选offer
Kev*,本,,26应届,,选offer
jie,本,深圳,27应届,,字节实习
烟梦*,本,,26应届,,
ha*,硕,,27应届,,gis
,,,,,
思念*,本科,北京,26应届,,大厂实习
Fr*,初中,杭州,0,,成人大专，20岁，线下机构培训
北宇*,本,焦虑型人格,27应届,,腾讯实习
卧看*,本,,26应届,,实习
T*,专,广东/中山,25应届,,无工作
默*,硕士,北京,27应届,,
v我*,本,哈尔滨,0年,,
冲*,本,常州,17年,,
ste*,专,武汉,26应届,13k*16,腾讯云智  腾讯电脑管家  C端
$*,招人,,,,
我*,专,深圳,大一,,
ro*,本,,大三,,
雪球*,本,29应届,,,
北宇*,本,-,27应届,,字节实习
逆*,本,,26应届,,小红书实习
腻*,本,重庆,26应届,,小厂实习
不羡*,专,武汉,26应届,,专升本
Map*,本,北京,26应届,,
牧*,本,26应届,,,
所以*,本,26应届,,,
kaiv*,本,27应届,,,
一步*,本,北京,26应届,,
小香*,专,深圳,26应届,,专升本
珊*,本,27应届,,,快手实习
用户3*,本,25应届,,,
YI*,本,深圳,4年,17k,
moo*,专,绵阳,11年,11k,全栈
用户1*,初中,北京,9年,26k,
三页*,硕,27应届,,,
派大*,专,深圳,5年,15k,大厂外包  鸿蒙
无悔*,本,北京,4年,34k,游戏公司，流量平台
一多*,本,深圳,3.5年,34k,抖音，web3交易所
绿帽*,本,北京,13年,23k,外包
暖月*,本,深圳,11年,200w/年,
wo默*,高中,兰州,7年,9k,
随心*,本,深圳,4年,15k,华为od
水木*,本,深圳,4年,18k,
6.2*,专,北京,3年,14k,
不负*,专,杭州,5年,21k,antd 核心成员  ahooks 核心成员
更好*,专,深圳,3年,13k,
HH*,专,济南,4年,16k,
换*,本,上海,26应届,,小厂实习
半勺*,专,北京,4年,21k,
晓千*,专,上海,0.5年,16k,
Chen*,本,珠海,2.5年,12k,
半*,本,合肥,4.5年,15k,
Apric*,专,郑州,4.5年,10k,
Jerry*,本科,武汉,4.5年,15k,
无趣*,本,北京,0.5年,26k,广告行业 
Map*,本,北京,26应届,,
叫*,本,杭州,0.5年,10k,
夏*,专,深圳,4年,7.5k,专升本
dark*,本,北京,6年,？？,
forge*,硕,长沙,2.5年,40w/年,
走南*,本,广州,1.5年,8k,
湘*,本,北京,3年,16k,大厂外包
我爱*,本,北京,9年,26k,
zhy2*,本,长春,26应届,,
汤姆*,专,北京,4年,15k,专升本，大厂外包
赶快*,本,北京,4年,18k,大厂外包
Rena*,本,杭州,3.5年,28.1k,阿里  
balan*,本,杭州,4年,30k,
喷香*,硕,济南,28应届,,
用户8*,本,南京,2.5年,15k,
想打*,本,北京,8年,20k*16,被裁，直播带货3~4个月
啊吧*,本,北京,3年,15k,
7年*,专,南京,3.5年,12.8k,电网外包
ray*,专,成都,3年,15k,腾讯项目外包
林一*,本,杭州,4年,22k,在读复旦大学非全日制硕士
只想*,本,北京,3.5年,15k,
~~,本,重庆,10年,10k,1家公司待10年
Rem*,专,广州,0.5年,6k,被裁
Frog*,本,苏州,3年,12k,
青江*,专,成都,1年,6k,专升本
班主任*,专,上海,3年,12k,
爱吃*,本,上海,4年,20k,
不玩*,本,广州,0.5年,7k,
St.*,硕,加拿大,23年毕业,,
望*,本,临沂,27应届,,
兮*,专,合肥,3.5年,12k,
leo*,专,深圳,5年,16k,
Krazy*,本,成都,5年,15k,webgis，央企子公司
宇*,专,北京,3年,13k,
Dream*,硕,杭州,1.5年,13.5k,
麦抱*,本,26应届,,,
泞*,本,广州,3年,11k,
？*,高,北京,1.5年,15k,
临江*,本,上海,4.5年,14k,
空*,初,广州,0年,,之前是UI设计，25岁
I Mis*,专,宁波,3年,14.5k,外包
肆虐*,本,广州,27应届,,211
Janni*,本,上海,0.5年,10k,
董东*,高,成都,10+年,35k,失业，自考本
张超*,本,北京,1.5年,10k,
苏婆*,本,深圳,2.5年,24k,学员
微笑*,本,广州,6年,17k,
倾*,硕,成都,26应届,,
周生*,本,北京,26应届,,
xh36*,专,杭州,2.5年,8.5k,
江*,专,广州,0.5年,9.5k,
秋*,本,重庆,27应届,,
vout*,本,北京,3年,12k,外包
frank*,专,深圳,6年,23.5k,外包，自考本
借*,专,长沙,1.5年,6k,java几个月
F_*,本,成都,1年,15k,
G | *,本,南京,2年,9.5k,
种花*,专,上海,7年,23k,
土里*,本,北京,27应届,,
用户1*,本,广东/湛江,26应届,,
斐波*,本,郑州,7年,13k,上海 24k
天w*,本,杭州,26应届,,
失败*,本,杭州,2年,10k,
悍匪*,专,杭州,5年,9k,
帅气*,本,广州,5年,23k,
Dam*,本,上海,10年,30k,
hk*,本,长沙,2.5年,15k,
爱唱*,专,湖北,27应届,实习,专升本，本大三
奇*,本,杭州,8年,23k,
Almu*,本,合肥,3.5年,25w/年,
LJH*,本,上海,6年,20w/年,
mom*,专,绍兴,2.5年,6k,专升本
fearl*,专,成都,2年,9.5k,
刺猬*,专,深圳,3.5年,14k,
执*,中专,上海,7年,13k,gap1年 24.9~25.9
Gordon*,本,广州,6年,14k,
IT*,本,重庆,8年,22k,离职状态
头号*,专,广州,5年,8k,
来去*,硕士,上海,26应届,,小厂、中厂实习
Summe*,本,西安,4.5年,11k,
莫须*,本,成都,7年,15k,
Clun*,本,上海,11年,23k,
壹万*,专,北京,1年,12k,
war*,本,深圳,0.5年,13k,
Sop*,本,深圳,1年,11.5k,
.*,本,广州,3.5年,17k,
星*,专,北京,10年,18k,
hnld*,硕,南京,7年,26k,
旧时*,初中,深圳,8年+,20k,自考专
下饭*,硕,北京,26应届,28k,
用户57*,专,深圳,26应届,,专升本
远*,专,深圳,4年,8k（成都）,待业
实在*,本,苏州,5年,11k,
手机*,本科,北京,7年,25k,
杨*,本,杭州,4年,15k,军工外包
蒜泥*,专,深圳,4年,11.5k,
用户5*,专,苏州,4年,20k,电网，专升本
子非*,专,苏州,4年,13k,专升本
不一*,专,包头,4年,6k,
志明*,专,成都,7年,16.5k,专升本
随心*,专,珠海,8年,15k,银行外包
Aab*,本,广州,3.5年,20k,
2019*,本,大连,8年,17k（北京）,
夜航*,专,深圳,0,8k,转行
ward*,本,深圳,0.5年,13k,
wezi*,本,长沙,3年,7k,离职
116*,本,厦门,10年,28k（远程）,
蓝*,本,沈阳,26应届,,
心*,本,上海,4年,15k,
无*,本,北京,1年,18k,
Big*,本,成都,5年,10k,
守*,初,成都,12年,120k,
As*,本,上海,4.5年,20k,
林*,本,杭州,4.5年,22k,非全读研
Blu*,硕,沈阳,1年,8k,Unity 3D
唐*,本,天津,4年,13k,离职
神也*,硕,西安,27应届,,
仰望*,硕,北京,<1年,28k,某大厂，移动端，RN
休*,本,北京,10年,60k,"去年大厂离职
gap：7个月"
不吃*,本,鹤岗,3个月,2k,php没问题，学前端，剪辑
不悔*,本,武汉,3年,10k,
Riv*,本,上海,3.5年,14k,入职10k
解*,本,上海,26应届,,
再度*,硕,西安,2.5年,20k,制造业
海诺*,本,广州,3年,10k,离职
一岁*,专,北京,9年,26k,离职
Imm*,本,杭州,0,,毕业1年无工作
呼噜*,专,深圳,3年,7k（南宁）,专升本
优秀*,专,成都,3.5年,11k,准备离职
好奇*,本,武汉,26应届,19.5k,
怪*,专,长沙,6年,12k,
果*,本,北京,5年,16k,
皮皮*,本,,26应届,,
弯*,专,北京,7年,25k,被裁
mE*,专,成都,7年,15k,
三七*,本,成都,9年,23k,
Cod*,本,北京,4年,23k,
够*,本,杭州,5年,35k,
骑猪*,专,佛山,1.5年,8k,
拉拉*,中,苏州,4年,9k,
序言*,本,杭州,0.5年,8.5k,
no*,专,成都,3年,13k,全栈
lang*,专,青岛,26应届,,
松林*,专,黔东南,9年,"16k（广州）
3k（黔东南）",
蛋蛋*,本,杭州,4年,17k,
流光*,专,北京,5年,18k,
小鹏*,本,南京,3年,14k,
青青*,本,重庆,4年,9k,
吴*,本,上海,10年,50k,大厂
aha*,硕,27应届,,,
kai*,专,武汉,1年,4k,远程 兼职
温水*,中专,成都,6年,9k,
社会*,高,无锡,4年,13k,
TON*,本,26应届,,,
救*,本,27应届,,,
S*,专,天津,2.5年,9k,
北风*,本,湖州,26应届,,
是小*,专,长沙,7年,13k,
暂未*,本,徐州,3年,8.5k,
欣*,专,深圳,4年,20w/年,自由职业
蓝色*,专,深圳,0.5年,15k,大厂外包
辣椒*,本,长沙,3.5年,11k,
C*,专,郑州,26应届,,
星空*,专,广州,1.5年,3k,
小张*,专,南京,4年,13k,专升本
一只*,本,青岛,5年,10k,
梦里*,本,上海,3.5年,16k,焦虑型人格
🌈*,本,深圳,3年,42k,
deno*,专,深圳,7年,18k,
Barr*,本,贵阳,3.5年,7k,
素质*,本,上海,5年,24w/年,
吃瓜*,本,深圳,5.5年,17k*16,
禾明*,本,北京,26应届,,
ward*,本,深圳,0.5年,13k,
梦*,专,深圳,2.5年,18k,
Lesl*,专,广州,1年,12k,
Allen*,专,嘉兴,5.5年,20k,前端负责人，短剧头部
「从*,本,南京,5.5年,14k,
片刻*,中,广州,5年,13k,
嚣张*,专,武汉,6年,15k,
after*,本,深圳,7年,32k,
与光*,专,北京,3.5年,11k,
熙男*,初,深圳,7年,25k,半居家
忆,本,重庆,1.5年,7k,
Active*,本,北京,2年,13k,
骑车*,本,南京,5.5年,20k,
呆小*,本,北京,3年,21k,
h*,本,上海,3年,15k,
解离*,本,26应届,,,
Rober*,硕士,深圳,4.5年,32k,实时音视频
玫瑰*,本,成都,3年,8.5k,
小奥*,本,上海,5年,18k,
一点*,专,杭州,3年,9.5k,
做就*,专,广州,7年,18k,
遥望*,本,上海,3年,10k,
A🐔*,专,北京,3.5年,15.5k,webgis
无畏*,专,成都,4年,9k,
天天*,专,泉州,5年,9k,
Ben*,本,北京,3年,14k,
数学*,专,成都,4.5年,13k,自考本
烟*,专,杭州,5.5年,19k,专升本
南浔*,本,北京,4年,24k,
发发*,本,杭州,6年,17.5k,
别烦*,本,广州,4年,14.5k,
箴言*,本,宁波,3年,11k,制造业，python
只是*,本,南宁,4年,10k,
永*,本,杭州,5年,16.5k,
htf*,高二,在读,,,
烟梦*,本,深圳,26应届,14k,
一个*,本,北京,3年,12k,
Ai En*,本,上海,2.5年,18k,
P*,本,杭州,6年,50k,
未来*,专,成都,7年,23k,
Ben*,本,北京,3年,14k,
别烦*,本,广州,4年,14k,
吼吼*,专,成都,5年,13k,
晚睡*,本,郑州,5年,15k,
想养*,本,北京,4.5年,17k,
乌龟*,本,武汉,2年,12k,
阿轩*,专,武汉,26应届,,
qzuse*,本,北京,26应届,,
就止*,专,上海,2年,15.5k,专升本，大厂实习
飘向*,硕,北京,26应届,20k,中厂实习，桌面端应用，通信工具
梦里*,本,上海,3.5年,16k,
姝*,本,河南/鹤壁,10年,5k,
Jie*,本,成都,5.5年,20k,
聪聪*,高中,北京,6年,19k,自考本，空窗期1年
Bear*,高中,成都,8年,10k,
爱喝*,本,合肥,5年,9k,
...*,专,成都,5年,10k,专升本
洛*,专,深圳,2年,10k,
青江*,专,成都,0.5年,7k,
鱼子*,硕,上海,6年,42k,
全占*,高,成都,7年,28k,自考本，web3
噔噔*,本,成都,4.5年,29w/年,
用户*,初,济南,创业9年,20w+/年,
吉吉*,高,北京,4.5年,28k*16,自考本
www*,专,北京,26应届,7k,
亦一*,专,成都,3.5年,7.8k,自考本
之梦*,本,郑州,4年,27k,
初*,本,广西柳州,5.5年,14k,前端Leader
不一*,专,包头,4年,6k,
东东*,本,宁波,4年,11k,
隐衫*,本,杭州,转行,,
Shot*,本,东莞,2.5年,8k,
听雨*,本,广州,<1年,7k,
一个*,本211,杭州,3年,18.8k,离职回南昌
Ember*,本,成都,3年,7.5k,
已明*,本,上海,5年,25k,
怎*,本,杭州,5年,15k,
Xxx*,本,上海,6年,21.5k,
元*,本,深圳,26应届,,
顾*,专,东莞,1年,7.5k,
了*,本,郑州,7年,10k,
JIN*,专,杭州,4年,10k,
zl-*,本,深圳,9年,50k~60k,
苏苏*,专,郑州,6年,15k,
Ember*,本,成都,3年,7.5k,
蝶*,本,深圳,27应届,,
Barf*,本,杭州,26应届,,
丁丁*,本,北京,7年,20k,
积极*,本,北京,6年,18k,
已明*,本,上海,5年,25k,
皮卡丘*,专,长沙,26应届,,
哈哈*,本,深圳,5年,24k,
李悠*,本,北京,4.5年,11k,
pk*,本,,26应届,,
yf*,本,成都,4.5年,16k,
Sve*,本,杭州,1.5年,13.5k,外包
妖*,专,上海,3年,13k,离职
陌生*,本,南京,7.5年,16k,
linco*,本,成都,8年,10k,
O*,专,武汉,2年,8k,
牧*,本,杭州,读研,,
R*,本,深圳,1年,15k,
Zea*,专,成都,3.5年,9k,自考本
海贼*,本,,27应届,,
Bet*,本,北京,4年,22k,全栈
brib*,专,广州,4年,12k,离职
白菜*,专,郑州,9年,10k,
岁月*,本,南京,5年,10k,
克林*,本,南京,6年,18k,外包
nea*,本,上海,10年,30k,外包
不叫*,本,长沙,27应届,,
没什*,专,杭州,10年,30k,离职
八*,本,成都,27应届,,
tia*,本,重庆,1年,8k,
xy*,本,北京,26应届,,
,本,深圳,1年,7.5k,
傅*,本,广州,6年,11k,
unde*,专,上海,7.5年,21k,
执念*,中专,上海,8年,16k,gap1年
大前*,本,北京,28应届,,
哈哈*,专,南京,8年,14k,被裁
一起*,专,北京,4年,19.5k,
叉*,本,成都,5年,14k,离职
null*,本,苏州,3年,20k,全栈，离职
Dom*,专,长沙,27应届,,
Odys*,本,深圳,2年,10k,
向阳*,专,成都,5年,9k,
Hsu*,专,北京,6年,18k,
yM9*,专,北京,26应届,,医生
骑*,本,北京,3年,10k,
一程*,本,杭州,0年,,大模型开发，考研2年
坦然*,本,河北,27应届,,
好*,985硕士,深圳,27应届,,
羽*,专科,杭州,9年,16k,
Stru*,本,北京,6年,23k,
肠包*,留美,,26应届,,
hul*,本,北京,4年,18k,
java*,本,成都,2年,9k,
合肥*,初,合肥,7年,9.5k,
阿*,本,南京,1.5年,20w/年,
No*,本,福州,5年,30w/年,
Alan*,本,杭州,26应届,40w/年,AI 全栈
ads*,本,上海,3年,12k,
萧*,专,南京,6年,15k,小米外包
抽象*,本,深圳,1年,15k,
Kyr*,高中,北京,7年,17k,外包
用户*,本,深圳,10年,15k,离职
八贰*,本,北京,2年,22k,
Deep*,本,,27应届,,
年*,专,长沙,26应届,,
北宇*,本,,27应届,,腾讯实习
洗洗*,大专,苏州,5年,15k,外包
76k*,专,鄂州,1年,12k,回老家，少儿编程（6k）
Lind*,本,杭州,7年,16k,
画画*,专,上海,5年,11k,
坐看*,专,长沙,5年,13k,
啧啧*,专,成都,2年,10k,
学点*,高中,广州,0年,,待业
阿炜*,本,南京,1.5年,20k,
今日*,专,江西,26应届,,
渣en*,专,宁波,1年,8k,
朵儿*,本,北京,9年,19k,外包
楠*,专,广州,2年,8k,
方*,专,成都,0.5年,3.3k,实习
知夏*,本,广州,27应届,,腾讯实习
荔枝*,专,广州,8年,22w/年,
幻梦*,本,深圳,3年,9k,
翻身*,专,深圳,6年,17k,
xiao*,专,北京,2.5年,14k,
刺*,本,杭州,4年,15k,
迪*,专,哈尔滨,27应届,,
lu*,本,深圳,1年,14k,
管先*,专,重庆,7年,17.5k,
SH*,本,深圳,5年,19k,
不打*,硕士,广州,27应届,,后端实习
一口,本,南京,5年,17k,
匿名*,专,北京,5年,19k,
干饭*,本,深圳,3.5年,17k,
流*,专,广州,2年,4.5k,
梦中*,本,宁波,3年,15k,
擒贼*,高,上海,7年,15k/20k,
刺*,本,杭州,4年,15k,
45度*,本,上海,5年,16k,
1008*,硕,北京,7年,42k,
香菇*,专,北京,3年,13k,
巧可*,专,,0,,日本留学 旅游管理 24岁
随心*,专,北京,2年,10k,
wate*,本,深圳,11年,18k,
叉*,专,成都,6年,14k,有空窗期
哈哈*,硕士,上海,4年,25k,
fan*,专,杭州,5年,12k,
一个*,本211,杭州,3年,18.8k,
看我*,本211,北京,26应届,25+k,大厂
A🐔*,专,北京,4年,15.5k,
就止*,本,上海,2年,15k,
企鹅*,本,,27应届,,
是风*,专,杭州,4年,12k,
小葵*,本,西安,6年,20k,大厂外包
种花*,本,南京,4年,12k,
软萌*,初中,北京,9.5年,26k,
躲猫*,本,北京,7年,20k,
Qiu*,专,上海,7年,27k,
颜*,专,北京,6年,19k,
V*,本,成都,6年,12k,
叛逆*,专,杭州,4年,5.5k,
煜坤*,本,成都,8年,18k,外包
Jay*,本,北京,8年,30k,
张*,本,杭州,1.5年,20k,
☁️*,初,成都,6年,11.5k,
杰*,本,长沙,9年,14k,
她不*,专,南京,3年,12k,军工外包
要一*,高,上海,2年,10k,
暮行*,本,长沙,28应届,,
Star*,本,上海,10年,35k,
智哥*,高,上海,9年,30k,Agents开发，仿真系统
云先*,本,重庆,26应届,5k,
xy*,本,天津,26应届,5k,
小白*,专,深圳,11年,26k,工业互联网
萌*,本,杭州,6年,16k,
Jum*,专,长沙,1年,6k,
草*,专,武汉,5年,12k,
传闻*,专,北京,6年,18k,
sany*,专,合肥,3年,13k,
Spr*,专,成都,6年,15k,
Nor*,985本,广州,26应届,18k,
,本,成都,8年,15k,
人*,本,广州,3年,7k,
逸*,硕,成都,2年,12k,
超*,本,杭州,5年,14k,gap半年
ward*,本,深圳,1年,13k,
喊左*,本,武汉,2年,8k,被裁
spe*,本,,28应届,,
我要*,硕,武汉,3年,16k,制造业
疯不*,本,武汉,1年,15k,
随心*,专,北京,2年,10k,被裁
陶淮*,专,重庆,1年,8k,
只是*,专,深圳,2年,11k,
闪游*,专,保定,10年,10k,gap4月
Alan*,本,杭州,0年,30k,AI全栈
哒哒*,专,广州,2年,6k,全栈
Edg*,本,天津,2年,8k,
关*,本,,27应届,,
土黑*,本,成都,4年,14k,
与冬*,专,广州,27应届,,
海人*,专,西安,4年,11k,离职8个月
AAA*,专,北京,2.5年,11k,
婷婷*,本,成都,26应届,6k,
肥嘟*,本,东莞,2年,12.5k,
淡淡*,本,长沙,3年,12k,
_静*,高中,大连,0,,
依然*,本,,27应届,,上海实习
玄*,专,,27应届,,
海人*,专,西安,3年,11k,
枸杞*,专,苏州,5年,14k,
Aar*,本,北京,3年,14k,
Xy*,本,杭州,1年,10k,
mOn*,本,广州,9年,20k,
山青*,专,26应届,,,
我爱*,硕士,南京,4年,20k,
给我*,专,北京,7年,16k,
毛驴*,本,深圳,9年,18k,运维->前端
Huu*,专,深圳,3年,10k,gap 2年
one*,本,杭州,27应届,,
天宇*,高中,成都,5年,15k,前端
🌈*,专,厦门,1年,3.5k,前端
往事*,本科,北京,3年,15k,前端
爱吃*,本,天津,26应届,6.5k,前端
张个*,本,西安,5年,12k,前端
西柚*,本,杭州,4年,9k,前端
管先*,大专,重庆,7.5年,17.5k,前端，离职
salu*,985硕士,深圳,26应届,24k,"webgl,3d打印"
ward*,本,深圳,1年,13k*15,前端
快*,本,北京,10年,49w/年,Agents开发，半导体
lh*,初中,上海,8年,18k,前端
微斯*,本,北京,3.5年,17k,
海盐*,专,北京,6.5年,25k->22k->18k,前端
wah*,专,上海,7年,20k,前端
渔*,本,武汉,2年,6k,前端
